<content>
  <org.weceem.content.WcmFolder>
    <id class='java.lang.Long'>1</id>
    <aliasURI class='java.lang.String'>templates</aliasURI>
    <changedBy class='java.lang.String'>unknown</changedBy>
    <changedOn class='java.sql.Timestamp'>Mon Oct 13 09:59:33 2014</changedOn>
    <children class='org.hibernate.collection.PersistentSortedSet'>
      <org.weceem.content.WcmTemplate>2</org.weceem.content.WcmTemplate>
    </children>
    <createdBy class='java.lang.String'>unknown</createdBy>
    <createdOn class='java.sql.Timestamp'>Mon Oct 13 09:59:33 2014</createdOn>
    <orderIndex class='java.lang.Integer'>2</orderIndex>
    <publishFrom class='java.sql.Timestamp'>Mon Oct 13 09:59:33 2014</publishFrom>
    <status class='org.weceem.content.WcmStatus'>400</status>
    <title class='java.lang.String'>templates</title>
    <validFor class='java.lang.Integer'>86400</validFor>
    <tags />
  </org.weceem.content.WcmFolder>
  <org.weceem.content.WcmTemplate>
    <id class='java.lang.Long'>3</id>
    <aliasURI class='java.lang.String'>default-blog-template</aliasURI>
    <changedBy class='java.lang.String'>unknown</changedBy>
    <changedOn class='java.sql.Timestamp'>Mon Oct 13 09:59:33 2014</changedOn>
    <children class='org.hibernate.collection.PersistentSortedSet' />
    <content class='java.lang.String'>&lt;%--
 Copyright (C) 2010-2014 EMBL-European Bioinformatics Institute (EMBL-EBI),
 Deutsches Krebsforschungszentrum (DKFZ)

 This file is part of Jummp.

 Jummp is free software; you can redistribute it and/or modify it under the
 terms of the GNU Affero General Public License as published by the Free
 Software Foundation; either version 3 of the License, or (at your option) any
 later version.

 Jummp is distributed in the hope that it will be useful, but WITHOUT ANY
 WARRANTY; without even the implied warranty of MERCHANTABILITY or FITNESS FOR A
 PARTICULAR PURPOSE. See the GNU Affero General Public License for more details.
 
 You should have received a copy of the GNU Affero General Public License along 
 with Jummp; if not, see &lt;http://www.gnu.org/licenses/agpl-3.0.html&gt;.
--%&gt;











&lt;html&gt;
&lt;head&gt;
    &lt;wcm:widget path="widgets/head"/&gt;
    &lt;wcm:ifContentIs type="org.weceem.blog.WcmBlog"&gt;  
        &lt;wcm:feedLink type="rss" path="${node.absoluteURI}"/&gt;  
        &lt;wcm:feedLink type="atom" path="${node.absoluteURI}"/&gt;  
    &lt;/wcm:ifContentIs&gt;
&lt;/head&gt;
&lt;body&gt;
    &lt;wcm:widget path="widgets/content-head"/&gt;

    &lt;div id="container"&gt;
        &lt;wcm:widget path="widgets/navigation"/&gt;
        &lt;wcm:widget path="widgets/branding"/&gt;
        &lt;div id="contentContainer"&gt;
            &lt;div id="socialMedia"&gt;
            &lt;!-- TODO: integrate social media button or use area for other part --&gt;
            &lt;/div&gt;
            &lt;div id="content"&gt;
                &lt;div id="main"&gt;
                  &lt;!-- If the template is on a Blog node, render list of articles --&gt;
                  &lt;wcm:ifContentIs type="org.weceem.blog.WcmBlog"&gt;
                    &lt;wcm:eachChild type="org.weceem.blog.WcmBlogEntry" var="child" max="${node.maxEntriesToDisplay}" sort="publishFrom" order="desc"&gt;
                      &lt;!-- Render the BlogEntry using the widget --&gt;
                      &lt;div class="blog-entry"&gt;
                        &lt;h1&gt;&lt;wcm:link node="${child}"&gt;${child.title.encodeAsHTML()}&lt;/wcm:link&gt;&lt;/h1&gt;
                        &lt;wcm:widget model="[node:child]" path="widgets/blog-entry-widget"/&gt;
                      &lt;/div&gt;
                    &lt;/wcm:eachChild&gt;
                  &lt;/wcm:ifContentIs&gt;
                  &lt;!-- If the template is on a BlogEntry node, render just this article --&gt;
                  &lt;wcm:ifContentIs type="org.weceem.blog.WcmBlogEntry"&gt;
                        &lt;!-- Render the BlogEntry using the widget --&gt;
                    &lt;h1&gt;${node.title}&lt;/h1&gt;
                    &lt;div class="blog-entry"&gt;
                      &lt;wcm:widget model="[node:node]" path="widgets/blog-entry-widget"/&gt;
                    &lt;/div&gt;
                    &lt;wcm:ifUserCanEdit&gt;
                      &lt;g:link controller="wcmEditor" action="edit" id="${node.id}"&gt;Edit&lt;/g:link&gt;    
                    &lt;/wcm:ifUserCanEdit&gt;
                  &lt;/wcm:ifContentIs&gt;
                &lt;/div&gt;
                &lt;div id="sideBar"&gt;
                  &lt;wcm:ifContentIs type="org.weceem.blog.WcmBlog"&gt;
                    &lt;div class="element"&gt;
                      &lt;h1&gt;Archive&lt;/h1&gt;
                      &lt;h2&gt;&lt;/h2&gt;
                      &lt;p&gt;
                      &lt;ul&gt;
                        &lt;wcm:archiveList path="${node}"&gt;
                          &lt;li&gt;&lt;a href="${link}"&gt;${wcm.monthName(value:month).encodeAsHTML()} ${year}&lt;/a&gt;&lt;/li&gt;
                        &lt;/wcm:archiveList&gt;
                      &lt;/ul&gt;
                      &lt;/p&gt;
                    &lt;/div&gt;
                  &lt;/wcm:ifContentIs&gt;
                &lt;/div&gt;
            &lt;/div&gt;
            &lt;wcm:widget path="widgets/links"/&gt;
        &lt;/div&gt;
    &lt;/div&gt;
    &lt;wcm:widget path="widgets/footer"/&gt;
&lt;/body&gt;
&lt;/html&gt;
</content>
    <createdBy class='java.lang.String'>unknown</createdBy>
    <createdOn class='java.sql.Timestamp'>Mon Oct 13 09:59:33 2014</createdOn>
    <language class='java.lang.String'>eng</language>
    <orderIndex class='java.lang.Integer'>2</orderIndex>
    <parent class='org.weceem.content.WcmFolder'>1</parent>
    <publishFrom class='java.sql.Timestamp'>Mon Oct 13 09:59:33 2014</publishFrom>
    <status class='org.weceem.content.WcmStatus'>400</status>
    <title class='java.lang.String'>default-blog-template</title>
    <userSpecificContent class='java.lang.Boolean'>false</userSpecificContent>
    <validFor class='java.lang.Integer'>86400</validFor>
    <tags />
  </org.weceem.content.WcmTemplate>
  <org.weceem.content.WcmFolder>
    <id class='java.lang.Long'>4</id>
    <aliasURI class='java.lang.String'>widgets</aliasURI>
    <changedBy class='java.lang.String'>unknown</changedBy>
    <changedOn class='java.sql.Timestamp'>Mon Oct 13 09:59:33 2014</changedOn>
    <children class='org.hibernate.collection.PersistentSortedSet'>
      <org.weceem.content.WcmWidget>5</org.weceem.content.WcmWidget>
      <org.weceem.content.WcmWidget>6</org.weceem.content.WcmWidget>
      <org.weceem.content.WcmWidget>7</org.weceem.content.WcmWidget>
      <org.weceem.content.WcmWidget>8</org.weceem.content.WcmWidget>
      <org.weceem.content.WcmWidget>9</org.weceem.content.WcmWidget>
      <org.weceem.content.WcmWidget>10</org.weceem.content.WcmWidget>
      <org.weceem.content.WcmWidget>11</org.weceem.content.WcmWidget>
      <org.weceem.content.WcmWidget>12</org.weceem.content.WcmWidget>
      <org.weceem.content.WcmWidget>13</org.weceem.content.WcmWidget>
      <org.weceem.content.WcmWidget>14</org.weceem.content.WcmWidget>
    </children>
    <createdBy class='java.lang.String'>unknown</createdBy>
    <createdOn class='java.sql.Timestamp'>Mon Oct 13 09:59:33 2014</createdOn>
    <orderIndex class='java.lang.Integer'>4</orderIndex>
    <publishFrom class='java.sql.Timestamp'>Mon Oct 13 09:59:33 2014</publishFrom>
    <status class='org.weceem.content.WcmStatus'>400</status>
    <title class='java.lang.String'>widgets</title>
    <validFor class='java.lang.Integer'>86400</validFor>
    <tags />
  </org.weceem.content.WcmFolder>
  <org.weceem.content.WcmWidget>
    <id class='java.lang.Long'>6</id>
    <aliasURI class='java.lang.String'>navigation</aliasURI>
    <changedBy class='java.lang.String'>unknown</changedBy>
    <changedOn class='java.sql.Timestamp'>Mon Oct 13 09:59:33 2014</changedOn>
    <children class='org.hibernate.collection.PersistentSortedSet' />
    <content class='java.lang.String'>&lt;%--
 Copyright (C) 2010-2014 EMBL-European Bioinformatics Institute (EMBL-EBI),
 Deutsches Krebsforschungszentrum (DKFZ)

 This file is part of Jummp.

 Jummp is free software; you can redistribute it and/or modify it under the
 terms of the GNU Affero General Public License as published by the Free
 Software Foundation; either version 3 of the License, or (at your option) any
 later version.

 Jummp is distributed in the hope that it will be useful, but WITHOUT ANY
 WARRANTY; without even the implied warranty of MERCHANTABILITY or FITNESS FOR A
 PARTICULAR PURPOSE. See the GNU Affero General Public License for more details.
 
 You should have received a copy of the GNU Affero General Public License along 
 with Jummp; if not, see &lt;http://www.gnu.org/licenses/agpl-3.0.html&gt;.
--%&gt;











&lt;div id="nav"&gt;
  &lt;div class="left"&gt;&lt;a href="${g.createLink(uri: '/')}"&gt;&lt;g:message code="jummp.main.tabs.about"/&gt;&lt;/a&gt;&lt;/div&gt;
  &lt;div class="right"&gt;&lt;a href="#"&gt;&lt;g:message code="jummp.main.tabs.search"/&gt;&lt;/a&gt;&lt;/div&gt;
&lt;/div&gt;
</content>
    <createdBy class='java.lang.String'>unknown</createdBy>
    <createdOn class='java.sql.Timestamp'>Mon Oct 13 09:59:33 2014</createdOn>
    <language class='java.lang.String'>eng</language>
    <orderIndex class='java.lang.Integer'>2</orderIndex>
    <parent class='org.weceem.content.WcmFolder'>4</parent>
    <publishFrom class='java.sql.Timestamp'>Mon Oct 13 09:59:33 2014</publishFrom>
    <status class='org.weceem.content.WcmStatus'>400</status>
    <title class='java.lang.String'>navigation</title>
    <userSpecificContent class='java.lang.Boolean'>false</userSpecificContent>
    <validFor class='java.lang.Integer'>86400</validFor>
    <tags />
  </org.weceem.content.WcmWidget>
  <org.weceem.content.WcmWidget>
    <id class='java.lang.Long'>8</id>
    <aliasURI class='java.lang.String'>head</aliasURI>
    <changedBy class='java.lang.String'>unknown</changedBy>
    <changedOn class='java.sql.Timestamp'>Mon Oct 13 09:59:33 2014</changedOn>
    <children class='org.hibernate.collection.PersistentSortedSet' />
    <content class='java.lang.String'>&lt;%--
 Copyright (C) 2010-2014 EMBL-European Bioinformatics Institute (EMBL-EBI),
 Deutsches Krebsforschungszentrum (DKFZ)

 This file is part of Jummp.

 Jummp is free software; you can redistribute it and/or modify it under the
 terms of the GNU Affero General Public License as published by the Free
 Software Foundation; either version 3 of the License, or (at your option) any
 later version.

 Jummp is distributed in the hope that it will be useful, but WITHOUT ANY
 WARRANTY; without even the implied warranty of MERCHANTABILITY or FITNESS FOR A
 PARTICULAR PURPOSE. See the GNU Affero General Public License for more details.
 
 You should have received a copy of the GNU Affero General Public License along 
 with Jummp; if not, see &lt;http://www.gnu.org/licenses/agpl-3.0.html&gt;.
--%&gt;











&lt;!-- Render the page title --&gt;
&lt;title&gt;${node.titleForHTML.encodeAsHTML()}&lt;/title&gt;
&lt;link rel="shortcut icon" href="${g.createLink(uri: '/images/favicon.ico')}"/&gt;
&lt;less:stylesheet name="jummp"/&gt;
&lt;less:scripts /&gt;

</content>
    <createdBy class='java.lang.String'>unknown</createdBy>
    <createdOn class='java.sql.Timestamp'>Mon Oct 13 09:59:33 2014</createdOn>
    <language class='java.lang.String'>eng</language>
    <orderIndex class='java.lang.Integer'>4</orderIndex>
    <parent class='org.weceem.content.WcmFolder'>4</parent>
    <publishFrom class='java.sql.Timestamp'>Mon Oct 13 09:59:33 2014</publishFrom>
    <status class='org.weceem.content.WcmStatus'>400</status>
    <title class='java.lang.String'>head</title>
    <userSpecificContent class='java.lang.Boolean'>false</userSpecificContent>
    <validFor class='java.lang.Integer'>86400</validFor>
    <tags />
  </org.weceem.content.WcmWidget>
  <org.weceem.content.WcmWidget>
    <id class='java.lang.Long'>10</id>
    <aliasURI class='java.lang.String'>blog-entry-widget</aliasURI>
    <changedBy class='java.lang.String'>unknown</changedBy>
    <changedOn class='java.sql.Timestamp'>Mon Oct 13 09:59:33 2014</changedOn>
    <children class='org.hibernate.collection.PersistentSortedSet' />
    <content class='java.lang.String'>&lt;%--
 Copyright (C) 2010-2014 EMBL-European Bioinformatics Institute (EMBL-EBI),
 Deutsches Krebsforschungszentrum (DKFZ)

 This file is part of Jummp.

 Jummp is free software; you can redistribute it and/or modify it under the
 terms of the GNU Affero General Public License as published by the Free
 Software Foundation; either version 3 of the License, or (at your option) any
 later version.

 Jummp is distributed in the hope that it will be useful, but WITHOUT ANY
 WARRANTY; without even the implied warranty of MERCHANTABILITY or FITNESS FOR A
 PARTICULAR PURPOSE. See the GNU Affero General Public License for more details.
 
 You should have received a copy of the GNU Affero General Public License along 
 with Jummp; if not, see &lt;http://www.gnu.org/licenses/agpl-3.0.html&gt;.
--%&gt;











&lt;div class="blog-entry-date"&gt;&lt;g:formatDate date="${node.publishFrom}" format="dd MMM yyyy 'at' hh:mm"/&gt;&lt;/div&gt;
&lt;div class="blog-entry-content"&gt;
${node.content}
&lt;/div&gt;
&lt;div class="blog-entry-post-info"&gt;
    &lt;span class="quiet"&gt;&lt;wcm:countChildren node="${node}" type="org.weceem.content.WcmComment"/&gt; Comments&lt;/span&gt;
&lt;/div&gt;
&lt;div class="blog-entry-post-info"&gt;
    &lt;span class="quiet"&gt;Tags:
    &lt;wcm:join in="${node.tags}" delimiter=", " var="tag"&gt;
        &lt;wcm:searchLink mode='tag' query="${tag}"&gt;${tag.encodeAsHTML()}&lt;/wcm:searchLink&gt;
    &lt;/wcm:join&gt;
    &lt;/span&gt;
&lt;/div&gt;
</content>
    <createdBy class='java.lang.String'>unknown</createdBy>
    <createdOn class='java.sql.Timestamp'>Mon Oct 13 09:59:33 2014</createdOn>
    <language class='java.lang.String'>eng</language>
    <orderIndex class='java.lang.Integer'>6</orderIndex>
    <parent class='org.weceem.content.WcmFolder'>4</parent>
    <publishFrom class='java.sql.Timestamp'>Mon Oct 13 09:59:33 2014</publishFrom>
    <status class='org.weceem.content.WcmStatus'>400</status>
    <title class='java.lang.String'>blog-entry-widget</title>
    <userSpecificContent class='java.lang.Boolean'>false</userSpecificContent>
    <validFor class='java.lang.Integer'>86400</validFor>
    <tags />
  </org.weceem.content.WcmWidget>
  <org.weceem.content.WcmWidget>
    <id class='java.lang.Long'>12</id>
    <aliasURI class='java.lang.String'>footer</aliasURI>
    <changedBy class='java.lang.String'>unknown</changedBy>
    <changedOn class='java.sql.Timestamp'>Mon Oct 13 09:59:33 2014</changedOn>
    <children class='org.hibernate.collection.PersistentSortedSet' />
    <content class='java.lang.String'>&lt;%--
 Copyright (C) 2010-2014 EMBL-European Bioinformatics Institute (EMBL-EBI),
 Deutsches Krebsforschungszentrum (DKFZ)

 This file is part of Jummp.

 Jummp is free software; you can redistribute it and/or modify it under the
 terms of the GNU Affero General Public License as published by the Free
 Software Foundation; either version 3 of the License, or (at your option) any
 later version.

 Jummp is distributed in the hope that it will be useful, but WITHOUT ANY
 WARRANTY; without even the implied warranty of MERCHANTABILITY or FITNESS FOR A
 PARTICULAR PURPOSE. See the GNU Affero General Public License for more details.
 
 You should have received a copy of the GNU Affero General Public License along 
 with Jummp; if not, see &lt;http://www.gnu.org/licenses/agpl-3.0.html&gt;.
--%&gt;











&lt;div id="footer"&gt;
  Build: &lt;g:render template="/templates/version"/&gt;
&lt;/div&gt;
</content>
    <createdBy class='java.lang.String'>unknown</createdBy>
    <createdOn class='java.sql.Timestamp'>Mon Oct 13 09:59:33 2014</createdOn>
    <language class='java.lang.String'>eng</language>
    <orderIndex class='java.lang.Integer'>8</orderIndex>
    <parent class='org.weceem.content.WcmFolder'>4</parent>
    <publishFrom class='java.sql.Timestamp'>Mon Oct 13 09:59:33 2014</publishFrom>
    <status class='org.weceem.content.WcmStatus'>400</status>
    <title class='java.lang.String'>footer</title>
    <userSpecificContent class='java.lang.Boolean'>false</userSpecificContent>
    <validFor class='java.lang.Integer'>86400</validFor>
    <tags />
  </org.weceem.content.WcmWidget>
  <org.weceem.content.WcmWidget>
    <id class='java.lang.Long'>14</id>
    <aliasURI class='java.lang.String'>news-sidebar-item</aliasURI>
    <changedBy class='java.lang.String'>unknown</changedBy>
    <changedOn class='java.sql.Timestamp'>Mon Oct 13 09:59:33 2014</changedOn>
    <children class='org.hibernate.collection.PersistentSortedSet' />
    <content class='java.lang.String'>&lt;%--
 Copyright (C) 2010-2014 EMBL-European Bioinformatics Institute (EMBL-EBI),
 Deutsches Krebsforschungszentrum (DKFZ)

 This file is part of Jummp.

 Jummp is free software; you can redistribute it and/or modify it under the
 terms of the GNU Affero General Public License as published by the Free
 Software Foundation; either version 3 of the License, or (at your option) any
 later version.

 Jummp is distributed in the hope that it will be useful, but WITHOUT ANY
 WARRANTY; without even the implied warranty of MERCHANTABILITY or FITNESS FOR A
 PARTICULAR PURPOSE. See the GNU Affero General Public License for more details.
 
 You should have received a copy of the GNU Affero General Public License along 
 with Jummp; if not, see &lt;http://www.gnu.org/licenses/agpl-3.0.html&gt;.
--%&gt;











&lt;div class="element"&gt;
  &lt;g:set var="newsBlog" value="${wcm.findNode(path:'news')}"/&gt;
  &lt;h1&gt;News&lt;/h1&gt;
  &lt;wcm:eachChild path="${newsBlog}" type="org.weceem.blog.WcmBlogEntry" max="1" sort="publishFrom" order="desc"&gt;
    &lt;div class="rss"&gt;
        &lt;a href="wcm-tools/feed/rss/jummp/news"&gt;
            &lt;img src="${resource(dir: 'images', file: 'feed.png')}"/&gt;
        &lt;/a&gt;
    &lt;/div&gt;
    &lt;h2&gt;&lt;a href="${wcm.createLink(path: it)}"&gt;${it.title.encodeAsHTML()}&lt;/a&gt;&lt;/h2&gt;
${it.summary}
  &lt;/wcm:eachChild&gt;
  &lt;g:if test="${wcm.countChildren(node: newsBlog) == '0'}"&gt;
    &lt;h2&gt;No News published yet&lt;/h2&gt;
  &lt;/g:if&gt;
  &lt;p&gt;
    &lt;a href="${wcm.createLink(path: 'news')}"&gt;more&lt;/a&gt;
  &lt;/p&gt;
&lt;/div&gt;
</content>
    <createdBy class='java.lang.String'>unknown</createdBy>
    <createdOn class='java.sql.Timestamp'>Mon Oct 13 09:59:33 2014</createdOn>
    <language class='java.lang.String'>eng</language>
    <orderIndex class='java.lang.Integer'>10</orderIndex>
    <parent class='org.weceem.content.WcmFolder'>4</parent>
    <publishFrom class='java.sql.Timestamp'>Mon Oct 13 09:59:33 2014</publishFrom>
    <status class='org.weceem.content.WcmStatus'>400</status>
    <title class='java.lang.String'>news-sidebar-item</title>
    <userSpecificContent class='java.lang.Boolean'>false</userSpecificContent>
    <validFor class='java.lang.Integer'>86400</validFor>
    <tags />
  </org.weceem.content.WcmWidget>
  <org.weceem.content.WcmWidget>
    <id class='java.lang.Long'>16</id>
    <aliasURI class='java.lang.String'>admin</aliasURI>
    <changedBy class='java.lang.String'>unknown</changedBy>
    <changedOn class='java.sql.Timestamp'>Mon Oct 13 09:59:33 2014</changedOn>
    <children class='org.hibernate.collection.PersistentSortedSet' />
    <content class='java.lang.String'>&lt;%--
 Copyright (C) 2010-2014 EMBL-European Bioinformatics Institute (EMBL-EBI),
 Deutsches Krebsforschungszentrum (DKFZ)

 This file is part of Jummp.

 Jummp is free software; you can redistribute it and/or modify it under the
 terms of the GNU Affero General Public License as published by the Free
 Software Foundation; either version 3 of the License, or (at your option) any
 later version.

 Jummp is distributed in the hope that it will be useful, but WITHOUT ANY
 WARRANTY; without even the implied warranty of MERCHANTABILITY or FITNESS FOR A
 PARTICULAR PURPOSE. See the GNU Affero General Public License for more details.
 
 You should have received a copy of the GNU Affero General Public License along 
 with Jummp; if not, see &lt;http://www.gnu.org/licenses/agpl-3.0.html&gt;.
--%&gt;











&lt;div class="element"&gt;
  &lt;h1&gt;Administration&lt;/h1&gt;
  &lt;h2&gt;&lt;/h2&gt;
  &lt;ul&gt;
    &lt;li&gt;&lt;g:link controller="wcm-admin"&gt;Content Management System&lt;/g:link&gt;&lt;/li&gt;
    &lt;li&gt;&lt;g:link controller="configuration"&gt;System Configuration&lt;/g:link&gt;&lt;/li&gt;
    &lt;li&gt;&lt;g:link controller="userAdministration"&gt;User Administration&lt;/g:link&gt;&lt;/li&gt;
    &lt;li&gt;&lt;g:link controller="miriam"&gt;Miriam Administration&lt;/g:link&gt;&lt;/li&gt;
  &lt;/ul&gt;
&lt;/div&gt;
</content>
    <createdBy class='java.lang.String'>unknown</createdBy>
    <createdOn class='java.sql.Timestamp'>Mon Oct 13 09:59:33 2014</createdOn>
    <language class='java.lang.String'>eng</language>
    <orderIndex class='java.lang.Integer'>12</orderIndex>
    <parent class='org.weceem.content.WcmFolder'>4</parent>
    <publishFrom class='java.sql.Timestamp'>Mon Oct 13 09:59:33 2014</publishFrom>
    <status class='org.weceem.content.WcmStatus'>400</status>
    <title class='java.lang.String'>admin</title>
    <userSpecificContent class='java.lang.Boolean'>false</userSpecificContent>
    <validFor class='java.lang.Integer'>86400</validFor>
    <tags />
  </org.weceem.content.WcmWidget>
  <org.weceem.content.WcmWidget>
    <id class='java.lang.Long'>18</id>
    <aliasURI class='java.lang.String'>links</aliasURI>
    <changedBy class='java.lang.String'>unknown</changedBy>
    <changedOn class='java.sql.Timestamp'>Mon Oct 13 09:59:33 2014</changedOn>
    <children class='org.hibernate.collection.PersistentSortedSet' />
    <content class='java.lang.String'>&lt;%--
 Copyright (C) 2010-2014 EMBL-European Bioinformatics Institute (EMBL-EBI),
 Deutsches Krebsforschungszentrum (DKFZ)

 This file is part of Jummp.

 Jummp is free software; you can redistribute it and/or modify it under the
 terms of the GNU Affero General Public License as published by the Free
 Software Foundation; either version 3 of the License, or (at your option) any
 later version.

 Jummp is distributed in the hope that it will be useful, but WITHOUT ANY
 WARRANTY; without even the implied warranty of MERCHANTABILITY or FITNESS FOR A
 PARTICULAR PURPOSE. See the GNU Affero General Public License for more details.
 
 You should have received a copy of the GNU Affero General Public License along 
 with Jummp; if not, see &lt;http://www.gnu.org/licenses/agpl-3.0.html&gt;.
--%&gt;











&lt;div id="linkArea"&gt;
Here are the page links
&lt;/div&gt;
</content>
    <createdBy class='java.lang.String'>unknown</createdBy>
    <createdOn class='java.sql.Timestamp'>Mon Oct 13 09:59:33 2014</createdOn>
    <language class='java.lang.String'>eng</language>
    <orderIndex class='java.lang.Integer'>14</orderIndex>
    <parent class='org.weceem.content.WcmFolder'>4</parent>
    <publishFrom class='java.sql.Timestamp'>Mon Oct 13 09:59:33 2014</publishFrom>
    <status class='org.weceem.content.WcmStatus'>400</status>
    <title class='java.lang.String'>links</title>
    <userSpecificContent class='java.lang.Boolean'>false</userSpecificContent>
    <validFor class='java.lang.Integer'>86400</validFor>
    <tags />
  </org.weceem.content.WcmWidget>
  <org.weceem.content.WcmWidget>
    <id class='java.lang.Long'>20</id>
    <aliasURI class='java.lang.String'>content-head</aliasURI>
    <changedBy class='java.lang.String'>unknown</changedBy>
    <changedOn class='java.sql.Timestamp'>Mon Oct 13 09:59:33 2014</changedOn>
    <children class='org.hibernate.collection.PersistentSortedSet' />
    <content class='java.lang.String'>&lt;%--
 Copyright (C) 2010-2014 EMBL-European Bioinformatics Institute (EMBL-EBI),
 Deutsches Krebsforschungszentrum (DKFZ)

 This file is part of Jummp.

 Jummp is free software; you can redistribute it and/or modify it under the
 terms of the GNU Affero General Public License as published by the Free
 Software Foundation; either version 3 of the License, or (at your option) any
 later version.

 Jummp is distributed in the hope that it will be useful, but WITHOUT ANY
 WARRANTY; without even the implied warranty of MERCHANTABILITY or FITNESS FOR A
 PARTICULAR PURPOSE. See the GNU Affero General Public License for more details.
 
 You should have received a copy of the GNU Affero General Public License along 
 with Jummp; if not, see &lt;http://www.gnu.org/licenses/agpl-3.0.html&gt;.
--%&gt;











&lt;div id="topBackground"&gt;&lt;/div&gt;
&lt;div id="middleBackground"&gt;&lt;/div&gt;
&lt;div id="logo"&gt;&lt;/div&gt;
&lt;div id="modeSwitch"&gt;
  &lt;!-- TODO: active class has to be set on really selected mode --&gt;
  &lt;jummp:button class="left active"&gt;&lt;g:message code="jummp.main.search"/&gt;&lt;/jummp:button&gt;
  &lt;jummp:button class="right"&gt;&lt;g:message code="jummp.main.submit"/&gt;&lt;/jummp:button&gt;
&lt;/div&gt;
</content>
    <createdBy class='java.lang.String'>unknown</createdBy>
    <createdOn class='java.sql.Timestamp'>Mon Oct 13 09:59:33 2014</createdOn>
    <language class='java.lang.String'>eng</language>
    <orderIndex class='java.lang.Integer'>16</orderIndex>
    <parent class='org.weceem.content.WcmFolder'>4</parent>
    <publishFrom class='java.sql.Timestamp'>Mon Oct 13 09:59:33 2014</publishFrom>
    <status class='org.weceem.content.WcmStatus'>400</status>
    <title class='java.lang.String'>content-head</title>
    <userSpecificContent class='java.lang.Boolean'>false</userSpecificContent>
    <validFor class='java.lang.Integer'>86400</validFor>
    <tags />
  </org.weceem.content.WcmWidget>
  <org.weceem.content.WcmWidget>
    <id class='java.lang.Long'>22</id>
    <aliasURI class='java.lang.String'>dkfz-feed</aliasURI>
    <changedBy class='java.lang.String'>unknown</changedBy>
    <changedOn class='java.sql.Timestamp'>Mon Oct 13 09:59:33 2014</changedOn>
    <children class='org.hibernate.collection.PersistentSortedSet' />
    <content class='java.lang.String'>&lt;%--
 Copyright (C) 2010-2014 EMBL-European Bioinformatics Institute (EMBL-EBI),
 Deutsches Krebsforschungszentrum (DKFZ)

 This file is part of Jummp.

 Jummp is free software; you can redistribute it and/or modify it under the
 terms of the GNU Affero General Public License as published by the Free
 Software Foundation; either version 3 of the License, or (at your option) any
 later version.

 Jummp is distributed in the hope that it will be useful, but WITHOUT ANY
 WARRANTY; without even the implied warranty of MERCHANTABILITY or FITNESS FOR A
 PARTICULAR PURPOSE. See the GNU Affero General Public License for more details.
 
 You should have received a copy of the GNU Affero General Public License along 
 with Jummp; if not, see &lt;http://www.gnu.org/licenses/agpl-3.0.html&gt;.
--%&gt;











&lt;div class="element external"&gt;
  &lt;h1&gt;Latest DKFZ News&lt;/h1&gt;
  &lt;div class="rss"&gt;
    &lt;a href="http://www.dkfz.de/xml/rssfeed/2.0/en/index.php"&gt;
        &lt;img src="${resource(dir: 'images', file: 'feed.png')}"/&gt;
    &lt;/a&gt;
  &lt;/div&gt;
  &lt;wcm:dataFeed url="http://www.dkfz.de/xml/rssfeed/2.0/en/index.php" max="1" custom="true"&gt;
    &lt;h2&gt;&lt;a href="${item.link}" target="_blank"&gt;${item.title.encodeAsHTML()}&lt;/a&gt;&lt;/h2&gt;
    &lt;p&gt;${item.description}&lt;/p&gt;
  &lt;/wcm:dataFeed&gt;
  &lt;p&gt;&lt;a href="http://www.dkfz.de/en/presse/pressemitteilungen/" target="_blank"&gt;more&lt;/a&gt;&lt;/p&gt;
&lt;/div&gt;
</content>
    <createdBy class='java.lang.String'>unknown</createdBy>
    <createdOn class='java.sql.Timestamp'>Mon Oct 13 09:59:33 2014</createdOn>
    <language class='java.lang.String'>eng</language>
    <orderIndex class='java.lang.Integer'>18</orderIndex>
    <parent class='org.weceem.content.WcmFolder'>4</parent>
    <publishFrom class='java.sql.Timestamp'>Mon Oct 13 09:59:33 2014</publishFrom>
    <status class='org.weceem.content.WcmStatus'>400</status>
    <title class='java.lang.String'>dkfz-feed</title>
    <userSpecificContent class='java.lang.Boolean'>false</userSpecificContent>
    <validFor class='java.lang.Integer'>86400</validFor>
    <tags />
  </org.weceem.content.WcmWidget>
  <org.weceem.content.WcmWidget>
    <id class='java.lang.Long'>24</id>
    <aliasURI class='java.lang.String'>branding</aliasURI>
    <changedBy class='java.lang.String'>unknown</changedBy>
    <changedOn class='java.sql.Timestamp'>Mon Oct 13 09:59:33 2014</changedOn>
    <children class='org.hibernate.collection.PersistentSortedSet' />
    <content class='java.lang.String'>&lt;%--
 Copyright (C) 2010-2014 EMBL-European Bioinformatics Institute (EMBL-EBI),
 Deutsches Krebsforschungszentrum (DKFZ)

 This file is part of Jummp.

 Jummp is free software; you can redistribute it and/or modify it under the
 terms of the GNU Affero General Public License as published by the Free
 Software Foundation; either version 3 of the License, or (at your option) any
 later version.

 Jummp is distributed in the hope that it will be useful, but WITHOUT ANY
 WARRANTY; without even the implied warranty of MERCHANTABILITY or FITNESS FOR A
 PARTICULAR PURPOSE. See the GNU Affero General Public License for more details.
 
 You should have received a copy of the GNU Affero General Public License along 
 with Jummp; if not, see &lt;http://www.gnu.org/licenses/agpl-3.0.html&gt;.
--%&gt;











&lt;div id="branding"&gt;
&lt;/div&gt;
</content>
    <createdBy class='java.lang.String'>unknown</createdBy>
    <createdOn class='java.sql.Timestamp'>Mon Oct 13 09:59:33 2014</createdOn>
    <language class='java.lang.String'>eng</language>
    <orderIndex class='java.lang.Integer'>20</orderIndex>
    <parent class='org.weceem.content.WcmFolder'>4</parent>
    <publishFrom class='java.sql.Timestamp'>Mon Oct 13 09:59:33 2014</publishFrom>
    <status class='org.weceem.content.WcmStatus'>400</status>
    <title class='java.lang.String'>branding</title>
    <userSpecificContent class='java.lang.Boolean'>false</userSpecificContent>
    <validFor class='java.lang.Integer'>86400</validFor>
    <tags />
  </org.weceem.content.WcmWidget>
  <org.weceem.html.WcmHTMLContent>
    <id class='java.lang.Long'>26</id>
    <aliasURI class='java.lang.String'>footer</aliasURI>
    <allowGSP class='java.lang.Boolean'>true</allowGSP>
    <changedBy class='java.lang.String'>unknown</changedBy>
    <changedOn class='java.sql.Timestamp'>Mon Oct 13 09:59:33 2014</changedOn>
    <children class='org.hibernate.collection.PersistentSortedSet' />
    <content class='java.lang.String'>&lt;%--
 Copyright (C) 2010-2014 EMBL-European Bioinformatics Institute (EMBL-EBI),
 Deutsches Krebsforschungszentrum (DKFZ)

 This file is part of Jummp.

 Jummp is free software; you can redistribute it and/or modify it under the
 terms of the GNU Affero General Public License as published by the Free
 Software Foundation; either version 3 of the License, or (at your option) any
 later version.

 Jummp is distributed in the hope that it will be useful, but WITHOUT ANY
 WARRANTY; without even the implied warranty of MERCHANTABILITY or FITNESS FOR A
 PARTICULAR PURPOSE. See the GNU Affero General Public License for more details.
 
 You should have received a copy of the GNU Affero General Public License along 
 with Jummp; if not, see &lt;http://www.gnu.org/licenses/agpl-3.0.html&gt;.
--%&gt;











&lt;wcm:widget path="widgets/footer"/&gt;</content>
    <createdBy class='java.lang.String'>unknown</createdBy>
    <createdOn class='java.sql.Timestamp'>Mon Oct 13 09:59:33 2014</createdOn>
    <language class='java.lang.String'>eng</language>
    <orderIndex class='java.lang.Integer'>2</orderIndex>
    <publishFrom class='java.sql.Timestamp'>Mon Oct 13 09:59:33 2014</publishFrom>
    <status class='org.weceem.content.WcmStatus'>400</status>
    <title class='java.lang.String'>footer</title>
    <userSpecificContent class='java.lang.Boolean'>false</userSpecificContent>
    <validFor class='java.lang.Integer'>86400</validFor>
    <tags />
  </org.weceem.html.WcmHTMLContent>
  <org.weceem.html.WcmHTMLContent>
    <id class='java.lang.Long'>28</id>
    <aliasURI class='java.lang.String'>links</aliasURI>
    <allowGSP class='java.lang.Boolean'>true</allowGSP>
    <changedBy class='java.lang.String'>unknown</changedBy>
    <changedOn class='java.sql.Timestamp'>Mon Oct 13 09:59:33 2014</changedOn>
    <children class='org.hibernate.collection.PersistentSortedSet' />
    <content class='java.lang.String'>&lt;%--
 Copyright (C) 2010-2014 EMBL-European Bioinformatics Institute (EMBL-EBI),
 Deutsches Krebsforschungszentrum (DKFZ)

 This file is part of Jummp.

 Jummp is free software; you can redistribute it and/or modify it under the
 terms of the GNU Affero General Public License as published by the Free
 Software Foundation; either version 3 of the License, or (at your option) any
 later version.

 Jummp is distributed in the hope that it will be useful, but WITHOUT ANY
 WARRANTY; without even the implied warranty of MERCHANTABILITY or FITNESS FOR A
 PARTICULAR PURPOSE. See the GNU Affero General Public License for more details.
 
 You should have received a copy of the GNU Affero General Public License along 
 with Jummp; if not, see &lt;http://www.gnu.org/licenses/agpl-3.0.html&gt;.
--%&gt;











&lt;wcm:widget path="widgets/links"/&gt;</content>
    <createdBy class='java.lang.String'>unknown</createdBy>
    <createdOn class='java.sql.Timestamp'>Mon Oct 13 09:59:33 2014</createdOn>
    <language class='java.lang.String'>eng</language>
    <orderIndex class='java.lang.Integer'>4</orderIndex>
    <publishFrom class='java.sql.Timestamp'>Mon Oct 13 09:59:33 2014</publishFrom>
    <status class='org.weceem.content.WcmStatus'>400</status>
    <title class='java.lang.String'>links</title>
    <userSpecificContent class='java.lang.Boolean'>false</userSpecificContent>
    <validFor class='java.lang.Integer'>86400</validFor>
    <tags />
  </org.weceem.html.WcmHTMLContent>
  <org.weceem.html.WcmHTMLContent>
    <id class='java.lang.Long'>30</id>
    <aliasURI class='java.lang.String'>main-sidebar</aliasURI>
    <allowGSP class='java.lang.Boolean'>true</allowGSP>
    <changedBy class='java.lang.String'>unknown</changedBy>
    <changedOn class='java.sql.Timestamp'>Mon Oct 13 09:59:33 2014</changedOn>
    <children class='org.hibernate.collection.PersistentSortedSet' />
    <content class='java.lang.String'>&lt;%--
 Copyright (C) 2010-2014 EMBL-European Bioinformatics Institute (EMBL-EBI),
 Deutsches Krebsforschungszentrum (DKFZ)

 This file is part of Jummp.

 Jummp is free software; you can redistribute it and/or modify it under the
 terms of the GNU Affero General Public License as published by the Free
 Software Foundation; either version 3 of the License, or (at your option) any
 later version.

 Jummp is distributed in the hope that it will be useful, but WITHOUT ANY
 WARRANTY; without even the implied warranty of MERCHANTABILITY or FITNESS FOR A
 PARTICULAR PURPOSE. See the GNU Affero General Public License for more details.
 
 You should have received a copy of the GNU Affero General Public License along 
 with Jummp; if not, see &lt;http://www.gnu.org/licenses/agpl-3.0.html&gt;.
--%&gt;











&lt;sec:ifAnyGranted roles="ROLE_ADMIN"&gt;
  &lt;wcm:widget path="widgets/admin"/&gt;
&lt;/sec:ifAnyGranted&gt;
&lt;wcm:widget path="widgets/news-sidebar-item"/&gt;
</content>
    <createdBy class='java.lang.String'>unknown</createdBy>
    <createdOn class='java.sql.Timestamp'>Mon Oct 13 09:59:33 2014</createdOn>
    <language class='java.lang.String'>eng</language>
    <orderIndex class='java.lang.Integer'>6</orderIndex>
    <publishFrom class='java.sql.Timestamp'>Mon Oct 13 09:59:33 2014</publishFrom>
    <status class='org.weceem.content.WcmStatus'>400</status>
    <title class='java.lang.String'>main-sidebar</title>
    <userSpecificContent class='java.lang.Boolean'>false</userSpecificContent>
    <validFor class='java.lang.Integer'>86400</validFor>
    <tags />
  </org.weceem.html.WcmHTMLContent>
  <org.weceem.html.WcmHTMLContent>
    <id class='java.lang.Long'>32</id>
    <aliasURI class='java.lang.String'>index</aliasURI>
    <allowGSP class='java.lang.Boolean'>true</allowGSP>
    <changedBy class='java.lang.String'>unknown</changedBy>
    <changedOn class='java.sql.Timestamp'>Mon Oct 13 09:59:33 2014</changedOn>
    <children class='org.hibernate.collection.PersistentSortedSet' />
    <content class='java.lang.String'>&lt;%--
 Copyright (C) 2010-2014 EMBL-European Bioinformatics Institute (EMBL-EBI),
 Deutsches Krebsforschungszentrum (DKFZ)

 This file is part of Jummp.

 Jummp is free software; you can redistribute it and/or modify it under the
 terms of the GNU Affero General Public License as published by the Free
 Software Foundation; either version 3 of the License, or (at your option) any
 later version.

 Jummp is distributed in the hope that it will be useful, but WITHOUT ANY
 WARRANTY; without even the implied warranty of MERCHANTABILITY or FITNESS FOR A
 PARTICULAR PURPOSE. See the GNU Affero General Public License for more details.
 
 You should have received a copy of the GNU Affero General Public License along 
 with Jummp; if not, see &lt;http://www.gnu.org/licenses/agpl-3.0.html&gt;.
--%&gt;











&lt;h2&gt;
    Welcome to JUMMP&lt;/h2&gt;
&lt;h3&gt;
    Just a Model management Platform (Jummp) will be a software infrastructure for the collaborative development and management of biochemical models&lt;/h3&gt;
&lt;p&gt;
    Here you can put your custom text!&lt;/p&gt;
</content>
    <createdBy class='java.lang.String'>unknown</createdBy>
    <createdOn class='java.sql.Timestamp'>Mon Oct 13 09:59:33 2014</createdOn>
    <language class='java.lang.String'>eng</language>
    <orderIndex class='java.lang.Integer'>8</orderIndex>
    <publishFrom class='java.sql.Timestamp'>Mon Oct 13 09:59:33 2014</publishFrom>
    <status class='org.weceem.content.WcmStatus'>400</status>
    <title class='java.lang.String'>index</title>
    <userSpecificContent class='java.lang.Boolean'>false</userSpecificContent>
    <validFor class='java.lang.Integer'>86400</validFor>
    <tags />
  </org.weceem.html.WcmHTMLContent>
  <org.weceem.html.WcmHTMLContent>
    <id class='java.lang.Long'>34</id>
    <aliasURI class='java.lang.String'>branding</aliasURI>
    <allowGSP class='java.lang.Boolean'>true</allowGSP>
    <changedBy class='java.lang.String'>unknown</changedBy>
    <changedOn class='java.sql.Timestamp'>Mon Oct 13 09:59:33 2014</changedOn>
    <children class='org.hibernate.collection.PersistentSortedSet' />
    <content class='java.lang.String'>&lt;%--
 Copyright (C) 2010-2014 EMBL-European Bioinformatics Institute (EMBL-EBI),
 Deutsches Krebsforschungszentrum (DKFZ)

 This file is part of Jummp.

 Jummp is free software; you can redistribute it and/or modify it under the
 terms of the GNU Affero General Public License as published by the Free
 Software Foundation; either version 3 of the License, or (at your option) any
 later version.

 Jummp is distributed in the hope that it will be useful, but WITHOUT ANY
 WARRANTY; without even the implied warranty of MERCHANTABILITY or FITNESS FOR A
 PARTICULAR PURPOSE. See the GNU Affero General Public License for more details.
 
 You should have received a copy of the GNU Affero General Public License along 
 with Jummp; if not, see &lt;http://www.gnu.org/licenses/agpl-3.0.html&gt;.
--%&gt;











&lt;wcm:widget path="widgets/branding"/&gt;
</content>
    <createdBy class='java.lang.String'>unknown</createdBy>
    <createdOn class='java.sql.Timestamp'>Mon Oct 13 09:59:33 2014</createdOn>
    <language class='java.lang.String'>eng</language>
    <orderIndex class='java.lang.Integer'>10</orderIndex>
    <publishFrom class='java.sql.Timestamp'>Mon Oct 13 09:59:33 2014</publishFrom>
    <status class='org.weceem.content.WcmStatus'>400</status>
    <title class='java.lang.String'>branding</title>
    <userSpecificContent class='java.lang.Boolean'>false</userSpecificContent>
    <validFor class='java.lang.Integer'>86400</validFor>
    <tags />
  </org.weceem.html.WcmHTMLContent>
  <org.weceem.blog.WcmBlog>
    <id class='java.lang.Long'>36</id>
    <aliasURI class='java.lang.String'>news</aliasURI>
    <changedBy class='java.lang.String'>unknown</changedBy>
    <changedOn class='java.sql.Timestamp'>Mon Oct 13 09:59:33 2014</changedOn>
    <children class='org.hibernate.collection.PersistentSortedSet' />
    <commentMarkup class='java.lang.String' />
    <createdBy class='java.lang.String'>unknown</createdBy>
    <createdOn class='java.sql.Timestamp'>Mon Oct 13 09:59:33 2014</createdOn>
    <maxEntriesToDisplay class='java.lang.Integer'>5</maxEntriesToDisplay>
    <orderIndex class='java.lang.Integer'>6</orderIndex>
    <publishFrom class='java.sql.Timestamp'>Mon Oct 13 09:59:33 2014</publishFrom>
    <status class='org.weceem.content.WcmStatus'>400</status>
    <title class='java.lang.String'>News</title>
    <template class='org.weceem.content.WcmTemplate'>3</template>
    <validFor class='java.lang.Integer'>86400</validFor>
    <tags />
  </org.weceem.blog.WcmBlog>
</content>